Array Size,Insertion Sort (sec),Merge Sort (sec),Timsort (sec)
1000,0.04309,0.00355,0.00021
5000,1.15973,0.02072,0.00123
10000,4.42499,0.04576,0.00249
